instruction.started,instruction.stopped,key_resp.keys,key_resp.rt,key_resp.duration,participant,session,Alter,"Geschlecht (m, w, d)",date,expName,psychopyVersion,OS,frameRate,task_description.started,task_description.stopped,key_resp_3.keys,key_resp_3.rt,key_resp_3.duration,practice.started,practice.stopped,key_resp_4.keys,key_resp_4.rt,key_resp_4.duration,fixation.started,fixation.stopped,trial.started,trial.stopped,key_resp_5.keys,gamble_reps.thisRepN,gamble_reps.thisTrialN,gamble_reps.thisN,gamble_reps.thisIndex,gamble_reps.ran,gain_practice,loss_practice,key_resp_5.rt,key_resp_5.duration,trial_end.started,trial_end.stopped,key_resp_6.keys,key_resp_6.rt,key_resp_6.duration,teil_eins.started,teil_eins.stopped,key_resp_one.keys,key_resp_one.rt,key_resp_one.duration,trials.thisRepN,trials.thisTrialN,trials.thisN,trials.thisIndex,trials.ran,gain1,loss1,pause1.started,pause1.stopped,key_resp_7.keys,key_resp_7.rt,key_resp_7.duration,teil_zwei.started,teil_zwei.stopped,key_resp_two.keys,key_resp_two.rt,key_resp_two.duration,trials_2.thisRepN,trials_2.thisTrialN,trials_2.thisN,trials_2.thisIndex,trials_2.ran,gain2,loss2,pause2.started,pause2.stopped,key_resp_8.keys,key_resp_8.rt,key_resp_8.duration,teil_drei.started,teil_drei.stopped,key_resp_three.keys,key_resp_three.rt,key_resp_three.duration,trials_3.thisRepN,trials_3.thisTrialN,trials_3.thisN,trials_3.thisIndex,trials_3.ran,gain3,loss3,transition.started,transition.stopped,key_resp_2.keys,key_resp_2.rt,key_resp_2.duration,survey.block_1/question1.I have healthy boundaries.,survey.block_1/question1.I have a lot of self-care.,"survey.block_1/question1.I have a healthy dose of self-respect, and don’t let people take advantage of me.",survey.block_1/question1.I balance my own needs with the needs of others.,survey.block_1/question1.I advocate for my own needs.,"survey.block_1/question1.I have a healthy form of selfishness (e.g., meditation, eating healthy, exercising, etc.) that doesn’t hurt others, but brings me greater happiness.","survey.block_1/question1.Even though I give a lot to others, I know when to recharge.","survey.block_1/question1.I give myself permission to enjoy myself, even if it doesn’t necessarily help others.",survey.block_1/question1.I take good care of myself.,survey.block_1/question1.I prioritize my own personal projects over the demands of others.,survey.block_1/question3.I have healthy boundaries.,survey.block_1/question3.I have a lot of self-care.,"survey.block_1/question3.I have a healthy dose of self-respect, and don’t let people take advantage of me.",survey.block_1/question3.I balance my own needs with the needs of others.,survey.block_1/question3.I advocate for my own needs.,"survey.block_1/question3.I have a healthy form of selfishness (e.g., meditation, eating healthy, exercising, etc.) that doesn’t hurt others, but brings me greater happiness.","survey.block_1/question3.Even though I give a lot to others, I know when to recharge.","survey.block_1/question3.I give myself permission to enjoy myself, even if it doesn’t necessarily help others.",survey.block_1/question3.I take good care of myself.,survey.block_1/question3.I prioritize my own personal projects over the demands of others.,survey.block_1/question4.I have healthy boundaries.,survey.block_1/question4.I have a lot of self-care.,"survey.block_1/question4.I have a healthy dose of self-respect, and don’t let people take advantage of me.",survey.block_1/question4.I balance my own needs with the needs of others.,survey.block_1/question4.I advocate for my own needs.,"survey.block_1/question4.I have a healthy form of selfishness (e.g., meditation, eating healthy, exercising, etc.) that doesn’t hurt others, but brings me greater happiness.","survey.block_1/question4.Even though I give a lot to others, I know when to recharge.","survey.block_1/question4.I give myself permission to enjoy myself, even if it doesn’t necessarily help others.",survey.block_1/question4.I take good care of myself.,survey.block_1/question4.I prioritize my own personal projects over the demands of others.,end.started,end.stopped,key_resp_9.keys,key_resp_9.rt,key_resp_9.duration
0.0003,11.8492,space,11.8388,,18076,001,39,w,2026-06-27_10h44.49.913,Mixed_Gamble_Task,2026.1.3,MacIntel,100,,,,,,,,,,,,,,,,,,,,,,,,,,,,,,,,,,,,,,,,,,,,,,,,,,,,,,,,,,,,,,,,,,,,,,,,,,,,,,,,,,,,,,,,,,,,,,,,,,,,,,,,,,,,,,,,,,,
,,,,,18076,001,39,w,2026-06-27_10h44.49.913,Mixed_Gamble_Task,2026.1.3,MacIntel,100,11.8495,31.672,space,19.8118,,,,,,,,,,,,,,,,,,,,,,,,,,,,,,,,,,,,,,,,,,,,,,,,,,,,,,,,,,,,,,,,,,,,,,,,,,,,,,,,,,,,,,,,,,,,,,,,,,,,,,,,,,,,,,,
,,,,,18076,001,39,w,2026-06-27_10h44.49.913,Mixed_Gamble_Task,2026.1.3,MacIntel,100,,,,,,31.6721,35.7426,space,4.0586,,,,,,,,,,,,,,,,,,,,,,,,,,,,,,,,,,,,,,,,,,,,,,,,,,,,,,,,,,,,,,,,,,,,,,,,,,,,,,,,,,,,,,,,,,,,,,,,,,,,,,,,,,
,,,,,18076,001,39,w,2026-06-27_10h44.49.913,Mixed_Gamble_Task,2026.1.3,MacIntel,100,,,,,,,,,,,35.7428,36.7928,,,,,,,,,,,,,,,,,,,,,,,,,,,,,,,,,,,,,,,,,,,,,,,,,,,,,,,,,,,,,,,,,,,,,,,,,,,,,,,,,,,,,,,,,,,,,,,,,,,,,,,
,,,,,18076,001,39,w,2026-06-27_10h44.49.913,Mixed_Gamble_Task,2026.1.3,MacIntel,100,,,,,,,,,,,39.8045,40.8535,36.7967,39.8043,,0,0,0,2,1,24,14,,,,,,,,,,,,,,,,,,,,,,,,,,,,,,,,,,,,,,,,,,,,,,,,,,,,,,,,,,,,,,,,,,,,,,,,,,,,,,,,,,,,,,,,,,,,,
,,,,,18076,001,39,w,2026-06-27_10h44.49.913,Mixed_Gamble_Task,2026.1.3,MacIntel,100,,,,,,,,,,,43.8649,44.9145,40.8547,43.8646,,0,1,1,3,1,30,7,,,,,,,,,,,,,,,,,,,,,,,,,,,,,,,,,,,,,,,,,,,,,,,,,,,,,,,,,,,,,,,,,,,,,,,,,,,,,,,,,,,,,,,,,,,,,
,,,,,18076,001,39,w,2026-06-27_10h44.49.913,Mixed_Gamble_Task,2026.1.3,MacIntel,100,,,,,,,,,,,47.9253,48.9749,44.9151,47.9252,,0,2,2,0,1,12,6,,,,,,,,,,,,,,,,,,,,,,,,,,,,,,,,,,,,,,,,,,,,,,,,,,,,,,,,,,,,,,,,,,,,,,,,,,,,,,,,,,,,,,,,,,,,,
,,,,,18076,001,39,w,2026-06-27_10h44.49.913,Mixed_Gamble_Task,2026.1.3,MacIntel,100,,,,,,,,,,,51.9763,53.026,48.9752,51.9761,,0,3,3,8,1,10,8,,,,,,,,,,,,,,,,,,,,,,,,,,,,,,,,,,,,,,,,,,,,,,,,,,,,,,,,,,,,,,,,,,,,,,,,,,,,,,,,,,,,,,,,,,,,,
,,,,,18076,001,39,w,2026-06-27_10h44.49.913,Mixed_Gamble_Task,2026.1.3,MacIntel,100,,,,,,,,,,,55.6363,56.6867,53.0268,55.6363,2,0,4,4,5,1,20,10,2.5993,,,,,,,,,,,,,,,,,,,,,,,,,,,,,,,,,,,,,,,,,,,,,,,,,,,,,,,,,,,,,,,,,,,,,,,,,,,,,,,,,,,,,,,,,,,,
,,,,,18076,001,39,w,2026-06-27_10h44.49.913,Mixed_Gamble_Task,2026.1.3,MacIntel,100,,,,,,,,,,,59.697,60.7475,56.6874,59.6969,,0,5,5,7,1,20,17,,,,,,,,,,,,,,,,,,,,,,,,,,,,,,,,,,,,,,,,,,,,,,,,,,,,,,,,,,,,,,,,,,,,,,,,,,,,,,,,,,,,,,,,,,,,,
,,,,,18076,001,39,w,2026-06-27_10h44.49.913,Mixed_Gamble_Task,2026.1.3,MacIntel,100,,,,,,,,,,,63.7583,64.8081,60.7482,63.7581,,0,6,6,9,1,34,12,,,,,,,,,,,,,,,,,,,,,,,,,,,,,,,,,,,,,,,,,,,,,,,,,,,,,,,,,,,,,,,,,,,,,,,,,,,,,,,,,,,,,,,,,,,,,
,,,,,18076,001,39,w,2026-06-27_10h44.49.913,Mixed_Gamble_Task,2026.1.3,MacIntel,100,,,,,,,,,,,67.8186,68.8687,64.8088,67.8185,,0,7,7,6,1,28,16,,,,,,,,,,,,,,,,,,,,,,,,,,,,,,,,,,,,,,,,,,,,,,,,,,,,,,,,,,,,,,,,,,,,,,,,,,,,,,,,,,,,,,,,,,,,,
,,,,,18076,001,39,w,2026-06-27_10h44.49.913,Mixed_Gamble_Task,2026.1.3,MacIntel,100,,,,,,,,,,,71.87,72.9196,68.8691,71.8698,,0,8,8,4,1,36,18,,,,,,,,,,,,,,,,,,,,,,,,,,,,,,,,,,,,,,,,,,,,,,,,,,,,,,,,,,,,,,,,,,,,,,,,,,,,,,,,,,,,,,,,,,,,,
,,,,,18076,001,39,w,2026-06-27_10h44.49.913,Mixed_Gamble_Task,2026.1.3,MacIntel,100,,,,,,,,,,,75.1903,76.2402,72.9202,75.1902,2,0,9,9,1,1,18,9,2.2593,,,,,,,,,,,,,,,,,,,,,,,,,,,,,,,,,,,,,,,,,,,,,,,,,,,,,,,,,,,,,,,,,,,,,,,,,,,,,,,,,,,,,,,,,,,,
,,,,,18076,001,39,w,2026-06-27_10h44.49.913,Mixed_Gamble_Task,2026.1.3,MacIntel,100,,,,,,,,,,,,,,,,,,,,,,,,,76.2408,80.6512,space,4.3904,,,,,,,,,,,,,,,,,,,,,,,,,,,,,,,,,,,,,,,,,,,,,,,,,,,,,,,,,,,,,,,,,,,,,,,,,,,,,,,,,,,,,,,
,,,,,18076,001,39,w,2026-06-27_10h44.49.913,Mixed_Gamble_Task,2026.1.3,MacIntel,100,,,,,,,,,,,80.6512,81.7013,,,,,,,,,,,,,,,,,,,,,,,,,,,,,,,,,,,,,,,,,,,,,,,,,,,,,,,,,,,,,,,,,,,,,,,,,,,,,,,,,,,,,,,,,,,,,,,,,,,,,,,
,,,,,18076,001,39,w,2026-06-27_10h44.49.913,Mixed_Gamble_Task,2026.1.3,MacIntel,100,,,,,,,,,,,83.1225,84.1717,,,,,,,,,,,,,,,,,,81.7051,83.1223,2,1.3985,,0,0,0,11,1,30,11,,,,,,,,,,,,,,,,,,,,,,,,,,,,,,,,,,,,,,,,,,,,,,,,,,,,,,,,,,,,,,,,,,,,,,,,,,
,,,,,18076,001,39,w,2026-06-27_10h44.49.913,Mixed_Gamble_Task,2026.1.3,MacIntel,100,,,,,,,,,,,85.6623,86.7112,,,,,,,,,,,,,,,,,,84.1728,85.6622,2,1.4783,,0,1,1,15,1,14,5,,,,,,,,,,,,,,,,,,,,,,,,,,,,,,,,,,,,,,,,,,,,,,,,,,,,,,,,,,,,,,,,,,,,,,,,,,
,,,,,18076,001,39,w,2026-06-27_10h44.49.913,Mixed_Gamble_Task,2026.1.3,MacIntel,100,,,,,,,,,,,88.373,89.4219,,,,,,,,,,,,,,,,,,86.7118,88.3729,3,1.6505,,0,2,2,0,1,20,17,,,,,,,,,,,,,,,,,,,,,,,,,,,,,,,,,,,,,,,,,,,,,,,,,,,,,,,,,,,,,,,,,,,,,,,,,,
,,,,,18076,001,39,w,2026-06-27_10h44.49.913,Mixed_Gamble_Task,2026.1.3,MacIntel,100,,,,,,,,,,,90.9031,91.9529,,,,,,,,,,,,,,,,,,89.4224,90.9029,2,1.4718,,0,3,3,23,1,12,6,,,,,,,,,,,,,,,,,,,,,,,,,,,,,,,,,,,,,,,,,,,,,,,,,,,,,,,,,,,,,,,,,,,,,,,,,,
,,,,,18076,001,39,w,2026-06-27_10h44.49.913,Mixed_Gamble_Task,2026.1.3,MacIntel,100,,,,,,,,,,,93.323,94.3736,,,,,,,,,,,,,,,,,,91.9536,93.3229,1,1.3628,,0,4,4,6,1,16,20,,,,,,,,,,,,,,,,,,,,,,,,,,,,,,,,,,,,,,,,,,,,,,,,,,,,,,,,,,,,,,,,,,,,,,,,,,
,,,,,18076,001,39,w,2026-06-27_10h44.49.913,Mixed_Gamble_Task,2026.1.3,MacIntel,100,,,,,,,,,,,95.9445,96.9931,,,,,,,,,,,,,,,,,,94.3742,95.9443,2,1.5589,,0,5,5,21,1,28,12,,,,,,,,,,,,,,,,,,,,,,,,,,,,,,,,,,,,,,,,,,,,,,,,,,,,,,,,,,,,,,,,,,,,,,,,,,
,,,,,18076,001,39,w,2026-06-27_10h44.49.913,Mixed_Gamble_Task,2026.1.3,MacIntel,100,,,,,,,,,,,99.3651,100.4145,,,,,,,,,,,,,,,,,,96.9941,99.365,4,2.3594,,0,6,6,5,1,38,7,,,,,,,,,,,,,,,,,,,,,,,,,,,,,,,,,,,,,,,,,,,,,,,,,,,,,,,,,,,,,,,,,,,,,,,,,,
,,,,,18076,001,39,w,2026-06-27_10h44.49.913,Mixed_Gamble_Task,2026.1.3,MacIntel,100,,,,,,,,,,,101.6252,102.6752,,,,,,,,,,,,,,,,,,100.4149,101.6251,4,1.2026,,0,7,7,13,1,40,8,,,,,,,,,,,,,,,,,,,,,,,,,,,,,,,,,,,,,,,,,,,,,,,,,,,,,,,,,,,,,,,,,,,,,,,,,,
,,,,,18076,001,39,w,2026-06-27_10h44.49.913,Mixed_Gamble_Task,2026.1.3,MacIntel,100,,,,,,,,,,,103.9158,104.9656,,,,,,,,,,,,,,,,,,102.6758,103.9156,2,1.2288,,0,8,8,34,1,24,14,,,,,,,,,,,,,,,,,,,,,,,,,,,,,,,,,,,,,,,,,,,,,,,,,,,,,,,,,,,,,,,,,,,,,,,,,,
,,,,,18076,001,39,w,2026-06-27_10h44.49.913,Mixed_Gamble_Task,2026.1.3,MacIntel,100,,,,,,,,,,,106.5751,107.626,,,,,,,,,,,,,,,,,,104.9661,106.575,4,1.5982,,0,9,9,7,1,28,10,,,,,,,,,,,,,,,,,,,,,,,,,,,,,,,,,,,,,,,,,,,,,,,,,,,,,,,,,,,,,,,,,,,,,,,,,,
,,,,,18076,001,39,w,2026-06-27_10h44.49.913,Mixed_Gamble_Task,2026.1.3,MacIntel,100,,,,,,,,,,,109.6458,110.6965,,,,,,,,,,,,,,,,,,107.6266,109.6456,3,2.0091,,0,10,10,29,1,38,15,,,,,,,,,,,,,,,,,,,,,,,,,,,,,,,,,,,,,,,,,,,,,,,,,,,,,,,,,,,,,,,,,,,,,,,,,,
,,,,,18076,001,39,w,2026-06-27_10h44.49.913,Mixed_Gamble_Task,2026.1.3,MacIntel,100,,,,,,,,,,,111.7059,112.757,,,,,,,,,,,,,,,,,,110.6969,111.7058,3,0.9994,,0,11,11,16,1,36,14,,,,,,,,,,,,,,,,,,,,,,,,,,,,,,,,,,,,,,,,,,,,,,,,,,,,,,,,,,,,,,,,,,,,,,,,,,
,,,,,18076,001,39,w,2026-06-27_10h44.49.913,Mixed_Gamble_Task,2026.1.3,MacIntel,100,,,,,,,,,,,114.2574,115.3074,,,,,,,,,,,,,,,,,,112.7576,114.2572,2,1.489,,0,12,12,4,1,24,12,,,,,,,,,,,,,,,,,,,,,,,,,,,,,,,,,,,,,,,,,,,,,,,,,,,,,,,,,,,,,,,,,,,,,,,,,,
,,,,,18076,001,39,w,2026-06-27_10h44.49.913,Mixed_Gamble_Task,2026.1.3,MacIntel,100,,,,,,,,,,,117.8284,118.8782,,,,,,,,,,,,,,,,,,115.3081,117.8282,2,2.5096,,0,13,13,30,1,20,10,,,,,,,,,,,,,,,,,,,,,,,,,,,,,,,,,,,,,,,,,,,,,,,,,,,,,,,,,,,,,,,,,,,,,,,,,,
,,,,,18076,001,39,w,2026-06-27_10h44.49.913,Mixed_Gamble_Task,2026.1.3,MacIntel,100,,,,,,,,,,,120.5988,121.6484,,,,,,,,,,,,,,,,,,118.8788,120.5986,3,1.7087,,0,14,14,19,1,32,18,,,,,,,,,,,,,,,,,,,,,,,,,,,,,,,,,,,,,,,,,,,,,,,,,,,,,,,,,,,,,,,,,,,,,,,,,,
,,,,,18076,001,39,w,2026-06-27_10h44.49.913,Mixed_Gamble_Task,2026.1.3,MacIntel,100,,,,,,,,,,,123.2393,124.2891,,,,,,,,,,,,,,,,,,121.6487,123.2391,3,1.5808,,0,15,15,18,1,24,20,,,,,,,,,,,,,,,,,,,,,,,,,,,,,,,,,,,,,,,,,,,,,,,,,,,,,,,,,,,,,,,,,,,,,,,,,,
,,,,,18076,001,39,w,2026-06-27_10h44.49.913,Mixed_Gamble_Task,2026.1.3,MacIntel,100,,,,,,,,,,,125.9498,126.9995,,,,,,,,,,,,,,,,,,124.2898,125.9496,3,1.6486,,0,16,16,8,1,34,15,,,,,,,,,,,,,,,,,,,,,,,,,,,,,,,,,,,,,,,,,,,,,,,,,,,,,,,,,,,,,,,,,,,,,,,,,,
,,,,,18076,001,39,w,2026-06-27_10h44.49.913,Mixed_Gamble_Task,2026.1.3,MacIntel,100,,,,,,,,,,,128.0588,129.11,,,,,,,,,,,,,,,,,,127.0001,128.0587,2,1.0497,,0,17,17,20,1,18,9,,,,,,,,,,,,,,,,,,,,,,,,,,,,,,,,,,,,,,,,,,,,,,,,,,,,,,,,,,,,,,,,,,,,,,,,,,
,,,,,18076,001,39,w,2026-06-27_10h44.49.913,Mixed_Gamble_Task,2026.1.3,MacIntel,100,,,,,,,,,,,130.7907,131.8402,,,,,,,,,,,,,,,,,,129.1107,130.7906,4,1.6687,,0,18,18,33,1,10,11,,,,,,,,,,,,,,,,,,,,,,,,,,,,,,,,,,,,,,,,,,,,,,,,,,,,,,,,,,,,,,,,,,,,,,,,,,
,,,,,18076,001,39,w,2026-06-27_10h44.49.913,Mixed_Gamble_Task,2026.1.3,MacIntel,100,,,,,,,,,,,134.8415,135.8913,,,,,,,,,,,,,,,,,,131.8406,134.8413,,,,0,19,19,26,1,16,8,,,,,,,,,,,,,,,,,,,,,,,,,,,,,,,,,,,,,,,,,,,,,,,,,,,,,,,,,,,,,,,,,,,,,,,,,,
,,,,,18076,001,39,w,2026-06-27_10h44.49.913,Mixed_Gamble_Task,2026.1.3,MacIntel,100,,,,,,,,,,,137.0718,138.1216,,,,,,,,,,,,,,,,,,135.892,137.0716,3,1.1687,,0,20,20,27,1,30,17,,,,,,,,,,,,,,,,,,,,,,,,,,,,,,,,,,,,,,,,,,,,,,,,,,,,,,,,,,,,,,,,,,,,,,,,,,
,,,,,18076,001,39,w,2026-06-27_10h44.49.913,Mixed_Gamble_Task,2026.1.3,MacIntel,100,,,,,,,,,,,140.0219,141.0722,,,,,,,,,,,,,,,,,,138.1225,140.0218,2,1.8883,,0,21,21,25,1,22,11,,,,,,,,,,,,,,,,,,,,,,,,,,,,,,,,,,,,,,,,,,,,,,,,,,,,,,,,,,,,,,,,,,,,,,,,,,
,,,,,18076,001,39,w,2026-06-27_10h44.49.913,Mixed_Gamble_Task,2026.1.3,MacIntel,100,,,,,,,,,,,143.4424,144.4924,,,,,,,,,,,,,,,,,,141.0728,143.4424,3,2.3579,,0,22,22,22,1,34,19,,,,,,,,,,,,,,,,,,,,,,,,,,,,,,,,,,,,,,,,,,,,,,,,,,,,,,,,,,,,,,,,,,,,,,,,,,
,,,,,18076,001,39,w,2026-06-27_10h44.49.913,Mixed_Gamble_Task,2026.1.3,MacIntel,100,,,,,,,,,,,147.0836,148.1336,,,,,,,,,,,,,,,,,,144.493,147.0835,4,2.5796,,0,23,23,31,1,14,17,,,,,,,,,,,,,,,,,,,,,,,,,,,,,,,,,,,,,,,,,,,,,,,,,,,,,,,,,,,,,,,,,,,,,,,,,,
,,,,,18076,001,39,w,2026-06-27_10h44.49.913,Mixed_Gamble_Task,2026.1.3,MacIntel,100,,,,,,,,,,,151.1439,152.1942,,,,,,,,,,,,,,,,,,148.1342,151.1437,,,,0,24,24,41,1,22,13,,,,,,,,,,,,,,,,,,,,,,,,,,,,,,,,,,,,,,,,,,,,,,,,,,,,,,,,,,,,,,,,,,,,,,,,,,
,,,,,18076,001,39,w,2026-06-27_10h44.49.913,Mixed_Gamble_Task,2026.1.3,MacIntel,100,,,,,,,,,,,153.7143,154.7647,,,,,,,,,,,,,,,,,,152.195,153.7141,4,1.5076,,0,25,25,9,1,22,5,,,,,,,,,,,,,,,,,,,,,,,,,,,,,,,,,,,,,,,,,,,,,,,,,,,,,,,,,,,,,,,,,,,,,,,,,,
,,,,,18076,001,39,w,2026-06-27_10h44.49.913,Mixed_Gamble_Task,2026.1.3,MacIntel,100,,,,,,,,,,,156.7747,157.8252,,,,,,,,,,,,,,,,,,154.7653,156.7746,2,2.0018,,0,26,26,28,1,26,13,,,,,,,,,,,,,,,,,,,,,,,,,,,,,,,,,,,,,,,,,,,,,,,,,,,,,,,,,,,,,,,,,,,,,,,,,,
,,,,,18076,001,39,w,2026-06-27_10h44.49.913,Mixed_Gamble_Task,2026.1.3,MacIntel,100,,,,,,,,,,,160.8362,161.8859,,,,,,,,,,,,,,,,,,157.826,160.8361,,,,0,27,27,14,1,26,16,,,,,,,,,,,,,,,,,,,,,,,,,,,,,,,,,,,,,,,,,,,,,,,,,,,,,,,,,,,,,,,,,,,,,,,,,,
,,,,,18076,001,39,w,2026-06-27_10h44.49.913,Mixed_Gamble_Task,2026.1.3,MacIntel,100,,,,,,,,,,,163.5962,164.6461,,,,,,,,,,,,,,,,,,161.8867,163.5961,4,1.6976,,0,28,28,38,1,34,7,,,,,,,,,,,,,,,,,,,,,,,,,,,,,,,,,,,,,,,,,,,,,,,,,,,,,,,,,,,,,,,,,,,,,,,,,,
,,,,,18076,001,39,w,2026-06-27_10h44.49.913,Mixed_Gamble_Task,2026.1.3,MacIntel,100,,,,,,,,,,,167.2473,168.2972,,,,,,,,,,,,,,,,,,164.6464,167.2472,4,2.5921,,0,29,29,40,1,40,18,,,,,,,,,,,,,,,,,,,,,,,,,,,,,,,,,,,,,,,,,,,,,,,,,,,,,,,,,,,,,,,,,,,,,,,,,,
,,,,,18076,001,39,w,2026-06-27_10h44.49.913,Mixed_Gamble_Task,2026.1.3,MacIntel,100,,,,,,,,,,,170.3279,171.3778,,,,,,,,,,,,,,,,,,168.2978,170.3278,3,2.0186,,0,30,30,2,1,32,6,,,,,,,,,,,,,,,,,,,,,,,,,,,,,,,,,,,,,,,,,,,,,,,,,,,,,,,,,,,,,,,,,,,,,,,,,,
,,,,,18076,001,39,w,2026-06-27_10h44.49.913,Mixed_Gamble_Task,2026.1.3,MacIntel,100,,,,,,,,,,,172.6383,173.6882,,,,,,,,,,,,,,,,,,171.3785,172.6382,4,1.2488,,0,31,31,24,1,40,16,,,,,,,,,,,,,,,,,,,,,,,,,,,,,,,,,,,,,,,,,,,,,,,,,,,,,,,,,,,,,,,,,,,,,,,,,,
,,,,,18076,001,39,w,2026-06-27_10h44.49.913,Mixed_Gamble_Task,2026.1.3,MacIntel,100,,,,,,,,,,,175.2082,176.2587,,,,,,,,,,,,,,,,,,173.6888,175.2082,1,1.5079,,0,32,32,3,1,10,19,,,,,,,,,,,,,,,,,,,,,,,,,,,,,,,,,,,,,,,,,,,,,,,,,,,,,,,,,,,,,,,,,,,,,,,,,,
,,,,,18076,001,39,w,2026-06-27_10h44.49.913,Mixed_Gamble_Task,2026.1.3,MacIntel,100,,,,,,,,,,,178.4294,179.4793,,,,,,,,,,,,,,,,,,176.2592,178.4293,1,2.1594,,0,33,33,36,1,18,19,,,,,,,,,,,,,,,,,,,,,,,,,,,,,,,,,,,,,,,,,,,,,,,,,,,,,,,,,,,,,,,,,,,,,,,,,,
,,,,,18076,001,39,w,2026-06-27_10h44.49.913,Mixed_Gamble_Task,2026.1.3,MacIntel,100,,,,,,,,,,,181.0999,182.1496,,,,,,,,,,,,,,,,,,179.4798,181.0998,2,1.6092,,0,34,34,17,1,10,7,,,,,,,,,,,,,,,,,,,,,,,,,,,,,,,,,,,,,,,,,,,,,,,,,,,,,,,,,,,,,,,,,,,,,,,,,,
,,,,,18076,001,39,w,2026-06-27_10h44.49.913,Mixed_Gamble_Task,2026.1.3,MacIntel,100,,,,,,,,,,,184.4005,185.45,,,,,,,,,,,,,,,,,,182.1502,184.4004,2,2.2411,,0,35,35,39,1,12,10,,,,,,,,,,,,,,,,,,,,,,,,,,,,,,,,,,,,,,,,,,,,,,,,,,,,,,,,,,,,,,,,,,,,,,,,,,
,,,,,18076,001,39,w,2026-06-27_10h44.49.913,Mixed_Gamble_Task,2026.1.3,MacIntel,100,,,,,,,,,,,187.3508,188.4001,,,,,,,,,,,,,,,,,,185.4502,187.3507,1,1.8916,,0,36,36,10,1,12,18,,,,,,,,,,,,,,,,,,,,,,,,,,,,,,,,,,,,,,,,,,,,,,,,,,,,,,,,,,,,,,,,,,,,,,,,,,
,,,,,18076,001,39,w,2026-06-27_10h44.49.913,Mixed_Gamble_Task,2026.1.3,MacIntel,100,,,,,,,,,,,190.2514,191.3002,,,,,,,,,,,,,,,,,,188.4007,190.2513,4,1.8397,,0,37,37,35,1,32,8,,,,,,,,,,,,,,,,,,,,,,,,,,,,,,,,,,,,,,,,,,,,,,,,,,,,,,,,,,,,,,,,,,,,,,,,,,
,,,,,18076,001,39,w,2026-06-27_10h44.49.913,Mixed_Gamble_Task,2026.1.3,MacIntel,100,,,,,,,,,,,194.1622,195.2112,,,,,,,,,,,,,,,,,,191.3004,194.1621,2,2.8513,,0,38,38,1,1,14,9,,,,,,,,,,,,,,,,,,,,,,,,,,,,,,,,,,,,,,,,,,,,,,,,,,,,,,,,,,,,,,,,,,,,,,,,,,
,,,,,18076,001,39,w,2026-06-27_10h44.49.913,Mixed_Gamble_Task,2026.1.3,MacIntel,100,,,,,,,,,,,197.8025,198.8528,,,,,,,,,,,,,,,,,,195.2117,197.8024,1,2.5802,,0,39,39,12,1,18,13,,,,,,,,,,,,,,,,,,,,,,,,,,,,,,,,,,,,,,,,,,,,,,,,,,,,,,,,,,,,,,,,,,,,,,,,,,
,,,,,18076,001,39,w,2026-06-27_10h44.49.913,Mixed_Gamble_Task,2026.1.3,MacIntel,100,,,,,,,,,,,201.5128,202.5636,,,,,,,,,,,,,,,,,,198.8534,201.5126,2,2.6486,,0,40,40,32,1,36,20,,,,,,,,,,,,,,,,,,,,,,,,,,,,,,,,,,,,,,,,,,,,,,,,,,,,,,,,,,,,,,,,,,,,,,,,,,
,,,,,18076,001,39,w,2026-06-27_10h44.49.913,Mixed_Gamble_Task,2026.1.3,MacIntel,100,,,,,,,,,,,205.474,206.5239,,,,,,,,,,,,,,,,,,202.5642,205.4738,2,2.899,,0,41,41,37,1,28,16,,,,,,,,,,,,,,,,,,,,,,,,,,,,,,,,,,,,,,,,,,,,,,,,,,,,,,,,,,,,,,,,,,,,,,,,,,
,,,,,18076,001,39,w,2026-06-27_10h44.49.913,Mixed_Gamble_Task,2026.1.3,MacIntel,100,,,,,,,,,,,209.2239,210.2749,,,,,,,,,,,,,,,,,,206.5243,209.2238,3,2.6937,,0,42,42,42,1,16,6,,,,,,,,,,,,,,,,,,,,,,,,,,,,,,,,,,,,,,,,,,,,,,,,,,,,,,,,,,,,,,,,,,,,,,,,,,
,,,,,18076,001,39,w,2026-06-27_10h44.49.913,Mixed_Gamble_Task,2026.1.3,MacIntel,100,,,,,,,,,,,,,,,,,,,,,,,,,,,,,,,,,,,,,,,,,,210.2753,227.3787,space,17.0885,,,,,,,,,,,,,,,,,,,,,,,,,,,,,,,,,,,,,,,,,,,,,,,,,,,,,,,,,,,,,,,,,,,,,,
,,,,,18076,001,39,w,2026-06-27_10h44.49.913,Mixed_Gamble_Task,2026.1.3,MacIntel,100,,,,,,,,,,,227.3787,228.4279,,,,,,,,,,,,,,,,,,,,,,,,,,,,,,,,,,,,,,,,,,,,,,,,,,,,,,,,,,,,,,,,,,,,,,,,,,,,,,,,,,,,,,,,,,,,,,,,,,,,,,,
,,,,,18076,001,39,w,2026-06-27_10h44.49.913,Mixed_Gamble_Task,2026.1.3,MacIntel,100,,,,,,,,,,,229.9192,230.9688,,,,,,,,,,,,,,,,,,,,,,,,,,,,,,,,,,,228.4298,229.9191,2,1.4732,,0,0,0,15,1,16,10,,,,,,,,,,,,,,,,,,,,,,,,,,,,,,,,,,,,,,,,,,,,,,,,,,,,,,,,,
,,,,,18076,001,39,w,2026-06-27_10h44.49.913,Mixed_Gamble_Task,2026.1.3,MacIntel,100,,,,,,,,,,,233.2395,234.2893,,,,,,,,,,,,,,,,,,,,,,,,,,,,,,,,,,,230.9697,233.2393,2,2.2592,,0,1,1,17,1,26,15,,,,,,,,,,,,,,,,,,,,,,,,,,,,,,,,,,,,,,,,,,,,,,,,,,,,,,,,,
,,,,,18076,001,39,w,2026-06-27_10h44.49.913,Mixed_Gamble_Task,2026.1.3,MacIntel,100,,,,,,,,,,,235.6399,236.6899,,,,,,,,,,,,,,,,,,,,,,,,,,,,,,,,,,,234.2899,235.6398,4,1.3429,,0,2,2,16,1,30,5,,,,,,,,,,,,,,,,,,,,,,,,,,,,,,,,,,,,,,,,,,,,,,,,,,,,,,,,,
,,,,,18076,001,39,w,2026-06-27_10h44.49.913,Mixed_Gamble_Task,2026.1.3,MacIntel,100,,,,,,,,,,,238.59,239.64,,,,,,,,,,,,,,,,,,,,,,,,,,,,,,,,,,,236.6906,238.5899,2,1.889,,0,3,3,38,1,10,5,,,,,,,,,,,,,,,,,,,,,,,,,,,,,,,,,,,,,,,,,,,,,,,,,,,,,,,,,
,,,,,18076,001,39,w,2026-06-27_10h44.49.913,Mixed_Gamble_Task,2026.1.3,MacIntel,100,,,,,,,,,,,241.8012,242.8507,,,,,,,,,,,,,,,,,,,,,,,,,,,,,,,,,,,239.6404,241.801,2,2.1529,,0,4,4,25,1,18,11,,,,,,,,,,,,,,,,,,,,,,,,,,,,,,,,,,,,,,,,,,,,,,,,,,,,,,,,,
,,,,,18076,001,39,w,2026-06-27_10h44.49.913,Mixed_Gamble_Task,2026.1.3,MacIntel,100,,,,,,,,,,,245.852,246.9018,,,,,,,,,,,,,,,,,,,,,,,,,,,,,,,,,,,242.8511,245.8518,,,,0,5,5,26,1,28,18,,,,,,,,,,,,,,,,,,,,,,,,,,,,,,,,,,,,,,,,,,,,,,,,,,,,,,,,,
,,,,,18076,001,39,w,2026-06-27_10h44.49.913,Mixed_Gamble_Task,2026.1.3,MacIntel,100,,,,,,,,,,,248.3317,249.3818,,,,,,,,,,,,,,,,,,,,,,,,,,,,,,,,,,,246.9024,248.3317,3,1.4166,,0,6,6,7,1,24,8,,,,,,,,,,,,,,,,,,,,,,,,,,,,,,,,,,,,,,,,,,,,,,,,,,,,,,,,,
,,,,,18076,001,39,w,2026-06-27_10h44.49.913,Mixed_Gamble_Task,2026.1.3,MacIntel,100,,,,,,,,,,,251.1828,252.2323,,,,,,,,,,,,,,,,,,,,,,,,,,,,,,,,,,,249.382,251.1828,2,1.7921,,0,7,7,29,1,40,20,,,,,,,,,,,,,,,,,,,,,,,,,,,,,,,,,,,,,,,,,,,,,,,,,,,,,,,,,
,,,,,18076,001,39,w,2026-06-27_10h44.49.913,Mixed_Gamble_Task,2026.1.3,MacIntel,100,,,,,,,,,,,254.0529,255.1033,,,,,,,,,,,,,,,,,,,,,,,,,,,,,,,,,,,252.2329,254.0528,4,1.8097,,0,8,8,33,1,26,5,,,,,,,,,,,,,,,,,,,,,,,,,,,,,,,,,,,,,,,,,,,,,,,,,,,,,,,,,
,,,,,18076,001,39,w,2026-06-27_10h44.49.913,Mixed_Gamble_Task,2026.1.3,MacIntel,100,,,,,,,,,,,257.2639,258.3139,,,,,,,,,,,,,,,,,,,,,,,,,,,,,,,,,,,255.104,257.2637,1,2.1487,,0,9,9,31,1,16,12,,,,,,,,,,,,,,,,,,,,,,,,,,,,,,,,,,,,,,,,,,,,,,,,,,,,,,,,,
,,,,,18076,001,39,w,2026-06-27_10h44.49.913,Mixed_Gamble_Task,2026.1.3,MacIntel,100,,,,,,,,,,,260.594,261.6445,,,,,,,,,,,,,,,,,,,,,,,,,,,,,,,,,,,258.3146,260.5939,2,2.2673,,0,10,10,14,1,22,18,,,,,,,,,,,,,,,,,,,,,,,,,,,,,,,,,,,,,,,,,,,,,,,,,,,,,,,,,
,,,,,18076,001,39,w,2026-06-27_10h44.49.913,Mixed_Gamble_Task,2026.1.3,MacIntel,100,,,,,,,,,,,263.6451,264.6951,,,,,,,,,,,,,,,,,,,,,,,,,,,,,,,,,,,261.6451,263.645,3,1.9886,,0,11,11,24,1,32,10,,,,,,,,,,,,,,,,,,,,,,,,,,,,,,,,,,,,,,,,,,,,,,,,,,,,,,,,,
,,,,,18076,001,39,w,2026-06-27_10h44.49.913,Mixed_Gamble_Task,2026.1.3,MacIntel,100,,,,,,,,,,,267.0954,268.1457,,,,,,,,,,,,,,,,,,,,,,,,,,,,,,,,,,,264.6956,267.0952,3,2.3917,,0,12,12,19,1,20,7,,,,,,,,,,,,,,,,,,,,,,,,,,,,,,,,,,,,,,,,,,,,,,,,,,,,,,,,,
,,,,,18076,001,39,w,2026-06-27_10h44.49.913,Mixed_Gamble_Task,2026.1.3,MacIntel,100,,,,,,,,,,,270.2656,271.3159,,,,,,,,,,,,,,,,,,,,,,,,,,,,,,,,,,,268.1462,270.2655,2,2.1086,,0,13,13,39,1,24,16,,,,,,,,,,,,,,,,,,,,,,,,,,,,,,,,,,,,,,,,,,,,,,,,,,,,,,,,,
,,,,,18076,001,39,w,2026-06-27_10h44.49.913,Mixed_Gamble_Task,2026.1.3,MacIntel,100,,,,,,,,,,,272.6268,273.6767,,,,,,,,,,,,,,,,,,,,,,,,,,,,,,,,,,,271.3161,272.6266,4,1.3023,,0,14,14,13,1,40,6,,,,,,,,,,,,,,,,,,,,,,,,,,,,,,,,,,,,,,,,,,,,,,,,,,,,,,,,,
,,,,,18076,001,39,w,2026-06-27_10h44.49.913,Mixed_Gamble_Task,2026.1.3,MacIntel,100,,,,,,,,,,,275.1363,276.187,,,,,,,,,,,,,,,,,,,,,,,,,,,,,,,,,,,273.6772,275.1361,4,1.4492,,0,15,15,27,1,34,9,,,,,,,,,,,,,,,,,,,,,,,,,,,,,,,,,,,,,,,,,,,,,,,,,,,,,,,,,
,,,,,18076,001,39,w,2026-06-27_10h44.49.913,Mixed_Gamble_Task,2026.1.3,MacIntel,100,,,,,,,,,,,277.5277,278.5776,,,,,,,,,,,,,,,,,,,,,,,,,,,,,,,,,,,276.1875,277.5276,3,1.3303,,0,16,16,11,1,34,17,,,,,,,,,,,,,,,,,,,,,,,,,,,,,,,,,,,,,,,,,,,,,,,,,,,,,,,,,
,,,,,18076,001,39,w,2026-06-27_10h44.49.913,Mixed_Gamble_Task,2026.1.3,MacIntel,100,,,,,,,,,,,281.5882,282.638,,,,,,,,,,,,,,,,,,,,,,,,,,,,,,,,,,,278.5782,281.5881,,,,0,17,17,9,1,18,5,,,,,,,,,,,,,,,,,,,,,,,,,,,,,,,,,,,,,,,,,,,,,,,,,,,,,,,,,
,,,,,18076,001,39,w,2026-06-27_10h44.49.913,Mixed_Gamble_Task,2026.1.3,MacIntel,100,,,,,,,,,,,284.8976,285.9486,,,,,,,,,,,,,,,,,,,,,,,,,,,,,,,,,,,282.6386,284.8976,2,2.2501,,0,18,18,28,1,12,14,,,,,,,,,,,,,,,,,,,,,,,,,,,,,,,,,,,,,,,,,,,,,,,,,,,,,,,,,
,,,,,18076,001,39,w,2026-06-27_10h44.49.913,Mixed_Gamble_Task,2026.1.3,MacIntel,100,,,,,,,,,,,288.5695,289.6185,,,,,,,,,,,,,,,,,,,,,,,,,,,,,,,,,,,285.9492,288.5693,2,2.6093,,0,19,19,10,1,28,14,,,,,,,,,,,,,,,,,,,,,,,,,,,,,,,,,,,,,,,,,,,,,,,,,,,,,,,,,
,,,,,18076,001,39,w,2026-06-27_10h44.49.913,Mixed_Gamble_Task,2026.1.3,MacIntel,100,,,,,,,,,,,292.6295,293.6803,,,,,,,,,,,,,,,,,,,,,,,,,,,,,,,,,,,289.6191,292.6294,,,,0,20,20,1,1,26,9,,,,,,,,,,,,,,,,,,,,,,,,,,,,,,,,,,,,,,,,,,,,,,,,,,,,,,,,,
,,,,,18076,001,39,w,2026-06-27_10h44.49.913,Mixed_Gamble_Task,2026.1.3,MacIntel,100,,,,,,,,,,,295.531,296.5809,,,,,,,,,,,,,,,,,,,,,,,,,,,,,,,,,,,293.6808,295.5308,1,1.8388,,0,21,21,20,1,14,11,,,,,,,,,,,,,,,,,,,,,,,,,,,,,,,,,,,,,,,,,,,,,,,,,,,,,,,,,
,,,,,18076,001,39,w,2026-06-27_10h44.49.913,Mixed_Gamble_Task,2026.1.3,MacIntel,100,,,,,,,,,,,298.6816,299.7315,,,,,,,,,,,,,,,,,,,,,,,,,,,,,,,,,,,296.5816,298.6814,2,2.0889,,0,22,22,37,1,36,10,,,,,,,,,,,,,,,,,,,,,,,,,,,,,,,,,,,,,,,,,,,,,,,,,,,,,,,,,
,,,,,18076,001,39,w,2026-06-27_10h44.49.913,Mixed_Gamble_Task,2026.1.3,MacIntel,100,,,,,,,,,,,300.952,302.0021,,,,,,,,,,,,,,,,,,,,,,,,,,,,,,,,,,,299.7321,300.9519,2,1.2088,,0,23,23,12,1,12,12,,,,,,,,,,,,,,,,,,,,,,,,,,,,,,,,,,,,,,,,,,,,,,,,,,,,,,,,,
,,,,,18076,001,39,w,2026-06-27_10h44.49.913,Mixed_Gamble_Task,2026.1.3,MacIntel,100,,,,,,,,,,,303.9021,304.9525,,,,,,,,,,,,,,,,,,,,,,,,,,,,,,,,,,,302.0026,303.902,3,1.8895,,0,24,24,32,1,30,13,,,,,,,,,,,,,,,,,,,,,,,,,,,,,,,,,,,,,,,,,,,,,,,,,,,,,,,,,
,,,,,18076,001,39,w,2026-06-27_10h44.49.913,Mixed_Gamble_Task,2026.1.3,MacIntel,100,,,,,,,,,,,306.7531,307.8029,,,,,,,,,,,,,,,,,,,,,,,,,,,,,,,,,,,304.9531,306.753,2,1.7897,,0,25,25,41,1,18,15,,,,,,,,,,,,,,,,,,,,,,,,,,,,,,,,,,,,,,,,,,,,,,,,,,,,,,,,,
,,,,,18076,001,39,w,2026-06-27_10h44.49.913,Mixed_Gamble_Task,2026.1.3,MacIntel,100,,,,,,,,,,,309.4625,310.5134,,,,,,,,,,,,,,,,,,,,,,,,,,,,,,,,,,,307.8036,309.4625,4,1.652,,0,26,26,30,1,22,7,,,,,,,,,,,,,,,,,,,,,,,,,,,,,,,,,,,,,,,,,,,,,,,,,,,,,,,,,
,,,,,18076,001,39,w,2026-06-27_10h44.49.913,Mixed_Gamble_Task,2026.1.3,MacIntel,100,,,,,,,,,,,312.3841,313.4328,,,,,,,,,,,,,,,,,,,,,,,,,,,,,,,,,,,310.5142,312.3839,2,1.859,,0,27,27,8,1,32,20,,,,,,,,,,,,,,,,,,,,,,,,,,,,,,,,,,,,,,,,,,,,,,,,,,,,,,,,,
,,,,,18076,001,39,w,2026-06-27_10h44.49.913,Mixed_Gamble_Task,2026.1.3,MacIntel,100,,,,,,,,,,,315.3847,316.4346,,,,,,,,,,,,,,,,,,,,,,,,,,,,,,,,,,,313.4331,315.3846,1,1.9438,,0,28,28,35,1,20,19,,,,,,,,,,,,,,,,,,,,,,,,,,,,,,,,,,,,,,,,,,,,,,,,,,,,,,,,,
,,,,,18076,001,39,w,2026-06-27_10h44.49.913,Mixed_Gamble_Task,2026.1.3,MacIntel,100,,,,,,,,,,,318.815,319.8653,,,,,,,,,,,,,,,,,,,,,,,,,,,,,,,,,,,316.4351,318.8149,4,2.3724,,0,29,29,23,1,24,6,,,,,,,,,,,,,,,,,,,,,,,,,,,,,,,,,,,,,,,,,,,,,,,,,,,,,,,,,
,,,,,18076,001,39,w,2026-06-27_10h44.49.913,Mixed_Gamble_Task,2026.1.3,MacIntel,100,,,,,,,,,,,321.2956,322.3457,,,,,,,,,,,,,,,,,,,,,,,,,,,,,,,,,,,319.866,321.2956,1,1.4187,,0,30,30,36,1,14,13,,,,,,,,,,,,,,,,,,,,,,,,,,,,,,,,,,,,,,,,,,,,,,,,,,,,,,,,,
,,,,,18076,001,39,w,2026-06-27_10h44.49.913,Mixed_Gamble_Task,2026.1.3,MacIntel,100,,,,,,,,,,,324.2058,325.2557,,,,,,,,,,,,,,,,,,,,,,,,,,,,,,,,,,,322.3463,324.2058,2,1.8497,,0,31,31,4,1,14,7,,,,,,,,,,,,,,,,,,,,,,,,,,,,,,,,,,,,,,,,,,,,,,,,,,,,,,,,,
,,,,,18076,001,39,w,2026-06-27_10h44.49.913,Mixed_Gamble_Task,2026.1.3,MacIntel,100,,,,,,,,,,,328.0167,329.067,,,,,,,,,,,,,,,,,,,,,,,,,,,,,,,,,,,325.2562,328.0166,3,2.7515,,0,32,32,40,1,32,12,,,,,,,,,,,,,,,,,,,,,,,,,,,,,,,,,,,,,,,,,,,,,,,,,,,,,,,,,
,,,,,18076,001,39,w,2026-06-27_10h44.49.913,Mixed_Gamble_Task,2026.1.3,MacIntel,100,,,,,,,,,,,331.4276,332.4775,,,,,,,,,,,,,,,,,,,,,,,,,,,,,,,,,,,329.0676,331.4275,1,2.3496,,0,33,33,3,1,20,15,,,,,,,,,,,,,,,,,,,,,,,,,,,,,,,,,,,,,,,,,,,,,,,,,,,,,,,,,
,,,,,18076,001,39,w,2026-06-27_10h44.49.913,Mixed_Gamble_Task,2026.1.3,MacIntel,100,,,,,,,,,,,333.9281,334.9776,,,,,,,,,,,,,,,,,,,,,,,,,,,,,,,,,,,332.4782,333.9279,1,1.4405,,0,34,34,6,1,10,13,,,,,,,,,,,,,,,,,,,,,,,,,,,,,,,,,,,,,,,,,,,,,,,,,,,,,,,,,
,,,,,18076,001,39,w,2026-06-27_10h44.49.913,Mixed_Gamble_Task,2026.1.3,MacIntel,100,,,,,,,,,,,336.9683,338.0185,,,,,,,,,,,,,,,,,,,,,,,,,,,,,,,,,,,334.9779,336.9682,4,1.9816,,0,35,35,18,1,38,19,,,,,,,,,,,,,,,,,,,,,,,,,,,,,,,,,,,,,,,,,,,,,,,,,,,,,,,,,
,,,,,18076,001,39,w,2026-06-27_10h44.49.913,Mixed_Gamble_Task,2026.1.3,MacIntel,100,,,,,,,,,,,340.7294,341.7794,,,,,,,,,,,,,,,,,,,,,,,,,,,,,,,,,,,338.0192,340.7292,3,2.6996,,0,36,36,5,1,36,16,,,,,,,,,,,,,,,,,,,,,,,,,,,,,,,,,,,,,,,,,,,,,,,,,,,,,,,,,
,,,,,18076,001,39,w,2026-06-27_10h44.49.913,Mixed_Gamble_Task,2026.1.3,MacIntel,100,,,,,,,,,,,344.7595,345.8089,,,,,,,,,,,,,,,,,,,,,,,,,,,,,,,,,,,341.78,344.7595,4,2.9685,,0,37,37,21,1,36,8,,,,,,,,,,,,,,,,,,,,,,,,,,,,,,,,,,,,,,,,,,,,,,,,,,,,,,,,,
,,,,,18076,001,39,w,2026-06-27_10h44.49.913,Mixed_Gamble_Task,2026.1.3,MacIntel,100,,,,,,,,,,,348.3307,349.3799,,,,,,,,,,,,,,,,,,,,,,,,,,,,,,,,,,,345.8093,348.3305,3,2.5121,,0,38,38,0,1,30,19,,,,,,,,,,,,,,,,,,,,,,,,,,,,,,,,,,,,,,,,,,,,,,,,,,,,,,,,,
,,,,,18076,001,39,w,2026-06-27_10h44.49.913,Mixed_Gamble_Task,2026.1.3,MacIntel,100,,,,,,,,,,,351.63,352.6812,,,,,,,,,,,,,,,,,,,,,,,,,,,,,,,,,,,349.3806,351.63,3,2.2398,,0,39,39,42,1,28,8,,,,,,,,,,,,,,,,,,,,,,,,,,,,,,,,,,,,,,,,,,,,,,,,,,,,,,,,,
,,,,,18076,001,39,w,2026-06-27_10h44.49.913,Mixed_Gamble_Task,2026.1.3,MacIntel,100,,,,,,,,,,,354.9514,356.0019,,,,,,,,,,,,,,,,,,,,,,,,,,,,,,,,,,,352.6819,354.9514,1,2.2593,,0,40,40,22,1,10,17,,,,,,,,,,,,,,,,,,,,,,,,,,,,,,,,,,,,,,,,,,,,,,,,,,,,,,,,,
,,,,,18076,001,39,w,2026-06-27_10h44.49.913,Mixed_Gamble_Task,2026.1.3,MacIntel,100,,,,,,,,,,,358.1122,359.1625,,,,,,,,,,,,,,,,,,,,,,,,,,,,,,,,,,,356.0026,358.1121,3,2.1004,,0,41,41,34,1,38,17,,,,,,,,,,,,,,,,,,,,,,,,,,,,,,,,,,,,,,,,,,,,,,,,,,,,,,,,,
,,,,,18076,001,39,w,2026-06-27_10h44.49.913,Mixed_Gamble_Task,2026.1.3,MacIntel,100,,,,,,,,,,,360.7032,361.752,,,,,,,,,,,,,,,,,,,,,,,,,,,,,,,,,,,359.1631,360.703,3,1.5277,,0,42,42,2,1,38,11,,,,,,,,,,,,,,,,,,,,,,,,,,,,,,,,,,,,,,,,,,,,,,,,,,,,,,,,,
,,,,,18076,001,39,w,2026-06-27_10h44.49.913,Mixed_Gamble_Task,2026.1.3,MacIntel,100,,,,,,,,,,,,,,,,,,,,,,,,,,,,,,,,,,,,,,,,,,,,,,,,,,,,,,,,,,,361.7523,369.9149,space,8.1463,,,,,,,,,,,,,,,,,,,,,,,,,,,,,,,,,,,,,,,,,,,,,,,,,,,,,
,,,,,18076,001,39,w,2026-06-27_10h44.49.913,Mixed_Gamble_Task,2026.1.3,MacIntel,100,,,,,,,,,,,369.915,370.9646,,,,,,,,,,,,,,,,,,,,,,,,,,,,,,,,,,,,,,,,,,,,,,,,,,,,,,,,,,,,,,,,,,,,,,,,,,,,,,,,,,,,,,,,,,,,,,,,,,,,,,,
,,,,,18076,001,39,w,2026-06-27_10h44.49.913,Mixed_Gamble_Task,2026.1.3,MacIntel,100,,,,,,,,,,,372.2955,373.345,,,,,,,,,,,,,,,,,,,,,,,,,,,,,,,,,,,,,,,,,,,,,,,,,,,,370.9676,372.2953,1,1.3077,,0,0,0,4,1,16,14,,,,,,,,,,,,,,,,,,,,,,,,,,,,,,,,,,,,,,,,
,,,,,18076,001,39,w,2026-06-27_10h44.49.913,Mixed_Gamble_Task,2026.1.3,MacIntel,100,,,,,,,,,,,375.1057,376.1556,,,,,,,,,,,,,,,,,,,,,,,,,,,,,,,,,,,,,,,,,,,,,,,,,,,,373.3459,375.1056,1,1.7498,,0,1,1,1,1,12,20,,,,,,,,,,,,,,,,,,,,,,,,,,,,,,,,,,,,,,,,
,,,,,18076,001,39,w,2026-06-27_10h44.49.913,Mixed_Gamble_Task,2026.1.3,MacIntel,100,,,,,,,,,,,378.2558,379.3055,,,,,,,,,,,,,,,,,,,,,,,,,,,,,,,,,,,,,,,,,,,,,,,,,,,,376.1562,378.2557,2,2.0915,,0,2,2,33,1,12,8,,,,,,,,,,,,,,,,,,,,,,,,,,,,,,,,,,,,,,,,
,,,,,18076,001,39,w,2026-06-27_10h44.49.913,Mixed_Gamble_Task,2026.1.3,MacIntel,100,,,,,,,,,,,380.9462,381.9966,,,,,,,,,,,,,,,,,,,,,,,,,,,,,,,,,,,,,,,,,,,,,,,,,,,,379.3061,380.9462,1,1.6298,,0,3,3,20,1,16,16,,,,,,,,,,,,,,,,,,,,,,,,,,,,,,,,,,,,,,,,
,,,,,18076,001,39,w,2026-06-27_10h44.49.913,Mixed_Gamble_Task,2026.1.3,MacIntel,100,,,,,,,,,,,383.3973,384.4462,,,,,,,,,,,,,,,,,,,,,,,,,,,,,,,,,,,,,,,,,,,,,,,,,,,,381.9973,383.397,4,1.3883,,0,4,4,41,1,36,6,,,,,,,,,,,,,,,,,,,,,,,,,,,,,,,,,,,,,,,,
,,,,,18076,001,39,w,2026-06-27_10h44.49.913,Mixed_Gamble_Task,2026.1.3,MacIntel,100,,,,,,,,,,,385.6973,386.7475,,,,,,,,,,,,,,,,,,,,,,,,,,,,,,,,,,,,,,,,,,,,,,,,,,,,384.4469,385.6972,4,1.2409,,0,5,5,39,1,38,5,,,,,,,,,,,,,,,,,,,,,,,,,,,,,,,,,,,,,,,,
,,,,,18076,001,39,w,2026-06-27_10h44.49.913,Mixed_Gamble_Task,2026.1.3,MacIntel,100,,,,,,,,,,,388.4475,389.4978,,,,,,,,,,,,,,,,,,,,,,,,,,,,,,,,,,,,,,,,,,,,,,,,,,,,386.7483,388.4474,2,1.6892,,0,6,6,38,1,26,11,,,,,,,,,,,,,,,,,,,,,,,,,,,,,,,,,,,,,,,,
,,,,,18076,001,39,w,2026-06-27_10h44.49.913,Mixed_Gamble_Task,2026.1.3,MacIntel,100,,,,,,,,,,,391.5287,392.5787,,,,,,,,,,,,,,,,,,,,,,,,,,,,,,,,,,,,,,,,,,,,,,,,,,,,389.4983,391.5285,4,2.0228,,0,7,7,10,1,36,12,,,,,,,,,,,,,,,,,,,,,,,,,,,,,,,,,,,,,,,,
,,,,,18076,001,39,w,2026-06-27_10h44.49.913,Mixed_Gamble_Task,2026.1.3,MacIntel,100,,,,,,,,,,,393.8386,394.8889,,,,,,,,,,,,,,,,,,,,,,,,,,,,,,,,,,,,,,,,,,,,,,,,,,,,392.5793,393.8384,1,1.2485,,0,8,8,25,1,14,19,,,,,,,,,,,,,,,,,,,,,,,,,,,,,,,,,,,,,,,,
,,,,,18076,001,39,w,2026-06-27_10h44.49.913,Mixed_Gamble_Task,2026.1.3,MacIntel,100,,,,,,,,,,,397.0692,398.1195,,,,,,,,,,,,,,,,,,,,,,,,,,,,,,,,,,,,,,,,,,,,,,,,,,,,394.8896,397.0691,4,2.1692,,0,9,9,21,1,30,9,,,,,,,,,,,,,,,,,,,,,,,,,,,,,,,,,,,,,,,,
,,,,,18076,001,39,w,2026-06-27_10h44.49.913,Mixed_Gamble_Task,2026.1.3,MacIntel,100,,,,,,,,,,,400.5004,401.5503,,,,,,,,,,,,,,,,,,,,,,,,,,,,,,,,,,,,,,,,,,,,,,,,,,,,398.1202,400.5002,3,2.371,,0,10,10,8,1,20,5,,,,,,,,,,,,,,,,,,,,,,,,,,,,,,,,,,,,,,,,
,,,,,18076,001,39,w,2026-06-27_10h44.49.913,Mixed_Gamble_Task,2026.1.3,MacIntel,100,,,,,,,,,,,403.421,404.4708,,,,,,,,,,,,,,,,,,,,,,,,,,,,,,,,,,,,,,,,,,,,,,,,,,,,401.551,403.4207,4,1.8589,,0,11,11,16,1,34,13,,,,,,,,,,,,,,,,,,,,,,,,,,,,,,,,,,,,,,,,
,,,,,18076,001,39,w,2026-06-27_10h44.49.913,Mixed_Gamble_Task,2026.1.3,MacIntel,100,,,,,,,,,,,405.8603,406.9112,,,,,,,,,,,,,,,,,,,,,,,,,,,,,,,,,,,,,,,,,,,,,,,,,,,,404.4714,405.8602,4,1.3794,,0,12,12,18,1,40,12,,,,,,,,,,,,,,,,,,,,,,,,,,,,,,,,,,,,,,,,
,,,,,18076,001,39,w,2026-06-27_10h44.49.913,Mixed_Gamble_Task,2026.1.3,MacIntel,100,,,,,,,,,,,409.3217,410.371,,,,,,,,,,,,,,,,,,,,,,,,,,,,,,,,,,,,,,,,,,,,,,,,,,,,406.9118,409.3216,3,2.399,,0,13,13,29,1,32,16,,,,,,,,,,,,,,,,,,,,,,,,,,,,,,,,,,,,,,,,
,,,,,18076,001,39,w,2026-06-27_10h44.49.913,Mixed_Gamble_Task,2026.1.3,MacIntel,100,,,,,,,,,,,412.7528,413.8025,,,,,,,,,,,,,,,,,,,,,,,,,,,,,,,,,,,,,,,,,,,,,,,,,,,,410.3714,412.7526,2,2.3719,,0,14,14,35,1,22,19,,,,,,,,,,,,,,,,,,,,,,,,,,,,,,,,,,,,,,,,
,,,,,18076,001,39,w,2026-06-27_10h44.49.913,Mixed_Gamble_Task,2026.1.3,MacIntel,100,,,,,,,,,,,416.1324,417.1832,,,,,,,,,,,,,,,,,,,,,,,,,,,,,,,,,,,,,,,,,,,,,,,,,,,,413.8031,416.1324,1,2.3217,,0,15,15,27,1,10,15,,,,,,,,,,,,,,,,,,,,,,,,,,,,,,,,,,,,,,,,
,,,,,18076,001,39,w,2026-06-27_10h44.49.913,Mixed_Gamble_Task,2026.1.3,MacIntel,100,,,,,,,,,,,418.1137,419.1634,,,,,,,,,,,,,,,,,,,,,,,,,,,,,,,,,,,,,,,,,,,,,,,,,,,,417.1839,418.1136,4,0.9196,,0,16,16,32,1,34,5,,,,,,,,,,,,,,,,,,,,,,,,,,,,,,,,,,,,,,,,
,,,,,18076,001,39,w,2026-06-27_10h44.49.913,Mixed_Gamble_Task,2026.1.3,MacIntel,100,,,,,,,,,,,420.7536,421.804,,,,,,,,,,,,,,,,,,,,,,,,,,,,,,,,,,,,,,,,,,,,,,,,,,,,419.1641,420.7536,4,1.5776,,0,17,17,5,1,30,7,,,,,,,,,,,,,,,,,,,,,,,,,,,,,,,,,,,,,,,,
,,,,,18076,001,39,w,2026-06-27_10h44.49.913,Mixed_Gamble_Task,2026.1.3,MacIntel,100,,,,,,,,,,,424.815,425.8648,,,,,,,,,,,,,,,,,,,,,,,,,,,,,,,,,,,,,,,,,,,,,,,,,,,,421.8046,424.8149,,,,0,18,18,28,1,24,10,,,,,,,,,,,,,,,,,,,,,,,,,,,,,,,,,,,,,,,,
,,,,,18076,001,39,w,2026-06-27_10h44.49.913,Mixed_Gamble_Task,2026.1.3,MacIntel,100,,,,,,,,,,,427.7747,428.8252,,,,,,,,,,,,,,,,,,,,,,,,,,,,,,,,,,,,,,,,,,,,,,,,,,,,425.8657,427.7745,3,1.9011,,0,19,19,6,1,26,17,,,,,,,,,,,,,,,,,,,,,,,,,,,,,,,,,,,,,,,,
,,,,,18076,001,39,w,2026-06-27_10h44.49.913,Mixed_Gamble_Task,2026.1.3,MacIntel,100,,,,,,,,,,,430.1258,431.1754,,,,,,,,,,,,,,,,,,,,,,,,,,,,,,,,,,,,,,,,,,,,,,,,,,,,428.8259,430.1256,4,1.2889,,0,20,20,15,1,28,6,,,,,,,,,,,,,,,,,,,,,,,,,,,,,,,,,,,,,,,,
,,,,,18076,001,39,w,2026-06-27_10h44.49.913,Mixed_Gamble_Task,2026.1.3,MacIntel,100,,,,,,,,,,,433.4766,434.5262,,,,,,,,,,,,,,,,,,,,,,,,,,,,,,,,,,,,,,,,,,,,,,,,,,,,431.1756,433.4763,2,2.2916,,0,21,21,34,1,40,14,,,,,,,,,,,,,,,,,,,,,,,,,,,,,,,,,,,,,,,,
,,,,,18076,001,39,w,2026-06-27_10h44.49.913,Mixed_Gamble_Task,2026.1.3,MacIntel,100,,,,,,,,,,,437.3072,438.3569,,,,,,,,,,,,,,,,,,,,,,,,,,,,,,,,,,,,,,,,,,,,,,,,,,,,434.5267,437.3071,3,2.7696,,0,22,22,22,1,26,19,,,,,,,,,,,,,,,,,,,,,,,,,,,,,,,,,,,,,,,,
,,,,,18076,001,39,w,2026-06-27_10h44.49.913,Mixed_Gamble_Task,2026.1.3,MacIntel,100,,,,,,,,,,,440.3776,441.4263,,,,,,,,,,,,,,,,,,,,,,,,,,,,,,,,,,,,,,,,,,,,,,,,,,,,438.3575,440.3775,3,2.0094,,0,23,23,30,1,18,7,,,,,,,,,,,,,,,,,,,,,,,,,,,,,,,,,,,,,,,,
,,,,,18076,001,39,w,2026-06-27_10h44.49.913,Mixed_Gamble_Task,2026.1.3,MacIntel,100,,,,,,,,,,,442.6376,443.6877,,,,,,,,,,,,,,,,,,,,,,,,,,,,,,,,,,,,,,,,,,,,,,,,,,,,441.4266,442.6375,4,1.1996,,0,24,24,2,1,40,10,,,,,,,,,,,,,,,,,,,,,,,,,,,,,,,,,,,,,,,,
,,,,,18076,001,39,w,2026-06-27_10h44.49.913,Mixed_Gamble_Task,2026.1.3,MacIntel,100,,,,,,,,,,,445.8987,446.9486,,,,,,,,,,,,,,,,,,,,,,,,,,,,,,,,,,,,,,,,,,,,,,,,,,,,443.688,445.8985,3,2.2013,,0,25,25,0,1,34,11,,,,,,,,,,,,,,,,,,,,,,,,,,,,,,,,,,,,,,,,
,,,,,18076,001,39,w,2026-06-27_10h44.49.913,Mixed_Gamble_Task,2026.1.3,MacIntel,100,,,,,,,,,,,448.8792,449.9291,,,,,,,,,,,,,,,,,,,,,,,,,,,,,,,,,,,,,,,,,,,,,,,,,,,,446.9493,448.8791,1,1.9209,,0,26,26,14,1,18,17,,,,,,,,,,,,,,,,,,,,,,,,,,,,,,,,,,,,,,,,
,,,,,18076,001,39,w,2026-06-27_10h44.49.913,Mixed_Gamble_Task,2026.1.3,MacIntel,100,,,,,,,,,,,451.9494,452.9993,,,,,,,,,,,,,,,,,,,,,,,,,,,,,,,,,,,,,,,,,,,,,,,,,,,,449.9297,451.9493,3,2.0107,,0,27,27,23,1,38,13,,,,,,,,,,,,,,,,,,,,,,,,,,,,,,,,,,,,,,,,
,,,,,18076,001,39,w,2026-06-27_10h44.49.913,Mixed_Gamble_Task,2026.1.3,MacIntel,100,,,,,,,,,,,455.3802,456.4303,,,,,,,,,,,,,,,,,,,,,,,,,,,,,,,,,,,,,,,,,,,,,,,,,,,,452.9997,455.3801,3,2.3713,,0,28,28,24,1,20,11,,,,,,,,,,,,,,,,,,,,,,,,,,,,,,,,,,,,,,,,
,,,,,18076,001,39,w,2026-06-27_10h44.49.913,Mixed_Gamble_Task,2026.1.3,MacIntel,100,,,,,,,,,,,457.5605,458.6098,,,,,,,,,,,,,,,,,,,,,,,,,,,,,,,,,,,,,,,,,,,,,,,,,,,,456.431,457.5602,3,1.1171,,0,29,29,19,1,22,17,,,,,,,,,,,,,,,,,,,,,,,,,,,,,,,,,,,,,,,,
,,,,,18076,001,39,w,2026-06-27_10h44.49.913,Mixed_Gamble_Task,2026.1.3,MacIntel,100,,,,,,,,,,,460.2514,461.3012,,,,,,,,,,,,,,,,,,,,,,,,,,,,,,,,,,,,,,,,,,,,,,,,,,,,458.6103,460.2512,3,1.6306,,0,30,30,26,1,36,18,,,,,,,,,,,,,,,,,,,,,,,,,,,,,,,,,,,,,,,,
,,,,,18076,001,39,w,2026-06-27_10h44.49.913,Mixed_Gamble_Task,2026.1.3,MacIntel,100,,,,,,,,,,,462.9613,464.0115,,,,,,,,,,,,,,,,,,,,,,,,,,,,,,,,,,,,,,,,,,,,,,,,,,,,461.3018,462.9613,4,1.6547,,0,31,31,7,1,38,9,,,,,,,,,,,,,,,,,,,,,,,,,,,,,,,,,,,,,,,,
,,,,,18076,001,39,w,2026-06-27_10h44.49.913,Mixed_Gamble_Task,2026.1.3,MacIntel,100,,,,,,,,,,,465.6324,466.6822,,,,,,,,,,,,,,,,,,,,,,,,,,,,,,,,,,,,,,,,,,,,,,,,,,,,464.0116,465.6323,2,1.6139,,0,32,32,11,1,10,9,,,,,,,,,,,,,,,,,,,,,,,,,,,,,,,,,,,,,,,,
,,,,,18076,001,39,w,2026-06-27_10h44.49.913,Mixed_Gamble_Task,2026.1.3,MacIntel,100,,,,,,,,,,,468.9825,470.0318,,,,,,,,,,,,,,,,,,,,,,,,,,,,,,,,,,,,,,,,,,,,,,,,,,,,466.6828,468.9824,1,2.2874,,0,33,33,36,1,16,18,,,,,,,,,,,,,,,,,,,,,,,,,,,,,,,,,,,,,,,,
,,,,,18076,001,39,w,2026-06-27_10h44.49.913,Mixed_Gamble_Task,2026.1.3,MacIntel,100,,,,,,,,,,,471.6735,472.7231,,,,,,,,,,,,,,,,,,,,,,,,,,,,,,,,,,,,,,,,,,,,,,,,,,,,470.0323,471.6734,2,1.6304,,0,34,34,31,1,28,20,,,,,,,,,,,,,,,,,,,,,,,,,,,,,,,,,,,,,,,,
,,,,,18076,001,39,w,2026-06-27_10h44.49.913,Mixed_Gamble_Task,2026.1.3,MacIntel,100,,,,,,,,,,,474.2034,475.2538,,,,,,,,,,,,,,,,,,,,,,,,,,,,,,,,,,,,,,,,,,,,,,,,,,,,472.7236,474.2033,2,1.4743,,0,35,35,37,1,30,15,,,,,,,,,,,,,,,,,,,,,,,,,,,,,,,,,,,,,,,,
,,,,,18076,001,39,w,2026-06-27_10h44.49.913,Mixed_Gamble_Task,2026.1.3,MacIntel,100,,,,,,,,,,,478.2647,479.3141,,,,,,,,,,,,,,,,,,,,,,,,,,,,,,,,,,,,,,,,,,,,,,,,,,,,475.2545,478.2646,,,,0,36,36,12,1,24,18,,,,,,,,,,,,,,,,,,,,,,,,,,,,,,,,,,,,,,,,
,,,,,18076,001,39,w,2026-06-27_10h44.49.913,Mixed_Gamble_Task,2026.1.3,MacIntel,100,,,,,,,,,,,480.3852,481.4349,,,,,,,,,,,,,,,,,,,,,,,,,,,,,,,,,,,,,,,,,,,,,,,,,,,,479.3146,480.3851,4,1.0597,,0,37,37,17,1,12,16,,,,,,,,,,,,,,,,,,,,,,,,,,,,,,,,,,,,,,,,
,,,,,18076,001,39,w,2026-06-27_10h44.49.913,Mixed_Gamble_Task,2026.1.3,MacIntel,100,,,,,,,,,,,484.4454,485.4957,,,,,,,,,,,,,,,,,,,,,,,,,,,,,,,,,,,,,,,,,,,,,,,,,,,,481.4355,484.4453,,,,0,38,38,13,1,32,14,,,,,,,,,,,,,,,,,,,,,,,,,,,,,,,,,,,,,,,,
,,,,,18076,001,39,w,2026-06-27_10h44.49.913,Mixed_Gamble_Task,2026.1.3,MacIntel,100,,,,,,,,,,,488.2066,489.2565,,,,,,,,,,,,,,,,,,,,,,,,,,,,,,,,,,,,,,,,,,,,,,,,,,,,485.4962,488.2065,2,2.6996,,0,39,39,40,1,20,13,,,,,,,,,,,,,,,,,,,,,,,,,,,,,,,,,,,,,,,,
,,,,,18076,001,39,w,2026-06-27_10h44.49.913,Mixed_Gamble_Task,2026.1.3,MacIntel,100,,,,,,,,,,,490.4164,491.4668,,,,,,,,,,,,,,,,,,,,,,,,,,,,,,,,,,,,,,,,,,,,,,,,,,,,489.257,490.4163,1,1.1501,,0,40,40,9,1,14,15,,,,,,,,,,,,,,,,,,,,,,,,,,,,,,,,,,,,,,,,
,,,,,18076,001,39,w,2026-06-27_10h44.49.913,Mixed_Gamble_Task,2026.1.3,MacIntel,100,,,,,,,,,,,493.8076,494.8571,,,,,,,,,,,,,,,,,,,,,,,,,,,,,,,,,,,,,,,,,,,,,,,,,,,,491.4674,493.8075,1,2.3292,,0,41,41,3,1,22,15,,,,,,,,,,,,,,,,,,,,,,,,,,,,,,,,,,,,,,,,
,,,,,18076,001,39,w,2026-06-27_10h44.49.913,Mixed_Gamble_Task,2026.1.3,MacIntel,100,,,,,,,,,,,,,,,,,,,,,,,,,,,,,,,,,,,,,,,,,,,,,,,,,,,,,,,,,,,,,,,,,,,,,,,,,,,,494.8573,499.3688,space,4.4981,,,,,,,,,,,,,,,,,,,,,,,,,,,,,,,,,,,,
,,,,,18076,001,39,w,2026-06-27_10h44.49.913,Mixed_Gamble_Task,2026.1.3,MacIntel,100,,,,,,,,,,,,,,,,,,,,,,,,,,,,,,,,,,,,,,,,,,,,,,,,,,,,,,,,,,,,,,,,,,,,,,,,,,,,,,,,,Agree moderate,Agree low,Agree low,Agree strong,Disagree low,Disagree moderate,Disagree low,Agree strong,Agree moderate,Agree low,Agree low,Agree low,Disagree moderate,Agree moderate,Agree low,Agree low,Agree moderate,Agree moderate,Disagree moderate,Disagree moderate,Agree low,Agree moderate,Agree low,Disagree low,Agree moderate,Disagree moderate,Disagree low,Disagree low,Agree moderate,Disagree strong,,,,,
,,,,,18076,001,39,w,2026-06-27_10h44.49.913,Mixed_Gamble_Task,2026.1.3,MacIntel,100,,,,,,,,,,,,,,,,,,,,,,,,,,,,,,,,,,,,,,,,,,,,,,,,,,,,,,,,,,,,,,,,,,,,,,,,,,,,,,,,,,,,,,,,,,,,,,,,,,,,,,,,,,,,,,,753.0507,754.746,space,1.6813,
